{
  "type": "FeatureCollection",
  "features": [
    {
      "type": "Feature",
      "geometry": {
        "type": "Point",
        "coordinates": [ -113.523469, 53.520413 ]
      },
      "properties": {
        "name": "Point 1",
        "floor": "second",
        "popupContent": "Point 1",
        "secondFloor": true,
        "neighbour1": "Point 10",
        "neighbour1Distance": "1",
        "neighbour2": "Point 2",
        "neighbour2Distance": "1"
      }
    },
    {
      "type": "Feature",
      "geometry": {
        "type": "Point",
        "coordinates": [ -113.52398, 53.520414  ]
      },
      "properties": {
        "name": "Point 2",
        "floor": "second",
        "popupContent": "Point 2",
        "secondFloor": true,
        "neighbour1": "Point 1",
        "neighbour1Distance": "1",
        "neighbour2": "Point 3",
        "neighbour2Distance": "1"
      }
    },
    {
      "type": "Feature",
      "geometry": {
        "type": "Point",
        "coordinates": [ -113.52429538965228, 53.52039362235107  ]
      },
      "properties": {
        "name": "Point 3",
        "floor": "second",
        "popupContent": "<img src='https://elasticbeanstalk-us-east-2-203326335658.s3.us-east-2.amazonaws.com/hospital_photos/IMG_3265.jpg' height='150px' width='150px'/><p>Point 3</p>",
        "secondFloor": true,
        "test": true,
        "neighbour1": "Point 2",
        "neighbour1Distance": "10",
        "neighbour2": "Point 4",
        "neighbour2Distance": "1",
        "neighbour3": "Point 18",
        "neighbour3Distance": "1",
        "neighbour4": "Point 19",
        "neighbour4Distance": "1"
      }
    },
    {
      "type": "Feature",
      "geometry": {
        "type": "Point",
        "coordinates": [ -113.5243007540703, 53.52051491174373  ]
      },
      "properties": {
        "name": "Point 4",
        "floor": "second",
        "popupContent": "<img src='https://elasticbeanstalk-us-east-2-203326335658.s3.us-east-2.amazonaws.com/hospital_photos/IMG_3267.jpg' height='150px' width='150px'/><p>Point 4</p>",
        "secondFloor": true,
        "neighbour1": "Point 3",
        "neighbour1Distance": "1",
        "neighbour2": "Point 5",
        "neighbour2Distance": "1"

      }
    },
    {
      "type": "Feature",
      "geometry": {
        "type": "Point",
        "coordinates": [ -113.52429807186127, 53.52060906758032  ]
      },
      "properties": {
        "name": "Point 5",
        "floor": "second",
        "popupContent": "<img src='https://elasticbeanstalk-us-east-2-203326335658.s3.us-east-2.amazonaws.com/hospital_photos/IMG_3266.jpg' height='150px' width='150px'/><p>Point 5</p>",
        "secondFloor": true,
        "test": true,
        "neighbour1": "Point 4",
        "neighbour1Distance": "1",
        "neighbour2": "Point 6",
        "neighbour2Distance": "1",
        "neighbour3": "Point 28",
        "neighbour3Distance": "1",  
        "neighbour4": "Point 30",
        "neighbour4Distance": "1"  
      }
    },
    {
      "type": "Feature",
      "geometry": {
        "type": "Point",
        "coordinates": [ -113.52429807186127, 53.52071795444837  ]
      },
      "properties": {
        "name": "Point 6",
        "floor": "second",
        "popupContent": "Point 6",
        "secondFloor": true,
        "neighbour1": "Point 5",
        "neighbour1Distance": "1",
        "neighbour2": "Point 7",
        "neighbour2Distance": "1",
        "neighbour4": "Point 30",
        "neighbour4Distance": "1"  
      }
    },
    {
      "type": "Feature",
      "geometry": {
        "type": "Point",
        "coordinates": [ -113.52428734302521, 53.5210141850337  ]
      },
      "properties": {
        "name": "Point 7",
        "floor": "second",
        "popupContent": "Point 7",
        "secondFloor": true,
        "test": true,
        "neighbour1": "Point 6",
        "neighbour1Distance": "1",
        "neighbour2": "Point 8",
        "neighbour2Distance": "1"
      }
    },
    {
      "type": "Feature",
      "geometry": {
        "type": "Point",
        "coordinates": [ -113.5233834385872, 53.5210178856064  ]
      },
      "properties": {
        "name": "Point 8",
        "floor": "second",
        "popupContent": "Point 8",
        "secondFloor": true,
        "test": true,
        "neighbour1": "Point 7",
        "neighbour1Distance": "1",
        "neighbour2": "Point 9",
        "neighbour2Distance": "1",
        "neighbour3": "Point 29",
        "neighbour3Distance": "1"
      }
    },
    {
      "type": "Feature",
      "geometry": {
        "type": "Point",
        "coordinates": [ -113.52337807416917, 53.520730582814394  ]
      },
      "properties": {
        "name": "Point 9",
        "floor": "second",
        "popupContent": "Point 9",
        "secondFloor": true,
        "neighbour1": "Point 10",
        "neighbour1Distance": "1",
        "neighbour2": "Point 8",
        "neighbour2Distance": "1"
        
      }
    },
    {
      "type": "Feature",
      "geometry": {
        "type": "Point",
        "coordinates": [ -113.52337807416917, 53.520417728976874  ]
      },
      "properties": {
        "name": "Point 10",
        "floor": "second",
        "popupContent": "Point 10",
        "secondFloor": true,
        "test": true,
        "neighbour1": "Point 11",
        "neighbour1Distance": "1",
        "neighbour2": "Point 1",
        "neighbour2Distance": "10",
        "neighbour3": "Point 9",
        "neighbour3Distance": "1"
      }
    },
    {
      "type": "Feature",
      "geometry": {
        "type": "Point",
        "coordinates": [ -113.52337270975114, 53.520377712415055  ]
      },
      "properties": {
        "name": "Point 11",
        "floor": "second",
        "popupContent": "Point 11",
        "secondFloor": true,
        "neighbour1": "Point 10",
        "neighbour1Distance": "1",
        "neighbour2": "Point 12",
        "neighbour2Distance": "1"
      }
    },
    {
      "type": "Feature",
      "geometry": {
        "type": "Point",
        "coordinates": [ -113.52337136864664, 53.520281257098965  ]
      },
      "properties": {
        "name": "Point 12",
        "floor": "second",
        "popupContent": "Point 12",
        "secondFloor": true,
        "neighbour1": "Point 11",
        "neighbour1Distance": "1",
        "neighbour2": "Point 13",
        "neighbour2Distance": "1"
      }
    },
    {
      "type": "Feature",
      "geometry": {
        "type": "Point",
        "coordinates": [ -113.52336600422862, 53.52015364202565  ]
      },
      "properties": {
        "name": "Point 13",
        "floor": "second",
        "popupContent": "<img src='https://elasticbeanstalk-us-east-2-203326335658.s3.us-east-2.amazonaws.com/hospital_photos/IMG_3259.jpg' height='150px' width='150px'/><p>Point 13</p>",
        "secondFloor": true,
        "test": true,
        "neighbour1": "Point 12",
        "neighbour1Distance": "1",
        "neighbour2": "Point 14",
        "neighbour2Distance": "1",
        "neighbour3": "Point 17",
        "neighbour3Distance": "2"
      }
    },
    {
      "type": "Feature",
      "geometry": {
        "type": "Point",
        "coordinates": [ -113.52305352687837, 53.52015505807627  ]
      },
      "properties": {
        "name": "Point 14",
        "floor": "second",
        "popupContent": "<img src='https://elasticbeanstalk-us-east-2-203326335658.s3.us-east-2.amazonaws.com/hospital_photos/IMG_3258.jpg' height='150px' width='150px'/><p>Point 14</p>",
        "secondFloor": true,
        "test": true,
        "neighbour1": "Point 13",
        "neighbour1Distance": "1",
        "neighbour2": "Point 15",
        "neighbour2Distance": "1"
      }
    },
    {
      "type": "Feature",
      "geometry": {
        "type": "Point",
        "coordinates": [ -113.52270081639291, 53.52016242320309  ]
      },
      "properties": {
        "name": "Point 15",
        "floor": "second",
        "popupContent": "<img src='https://elasticbeanstalk-us-east-2-203326335658.s3.us-east-2.amazonaws.com/hospital_photos/IMG_3257.jpg' height='150px' width='150px'/><p>Point 15</p>",
        "secondFloor": true,
        "neighbour1": "Point 14",
        "neighbour1Distance": "1",
        "neighbour2": "Point 16",
        "neighbour2Distance": "1"

      }
    },
    {
      "type": "Feature",
      "geometry": {
        "type": "Point",
        "coordinates": [ -113.52227300405504, 53.51989360333226  ]
      },
      "properties": {
        "name": "Point 16",
        "floor": "second",
        "popupContent": "<img src='https://elasticbeanstalk-us-east-2-203326335658.s3.us-east-2.amazonaws.com/hospital_photos/IMG_3255.jpg' height='150px' width='150px'/><p>Point 16</p>",
        "secondFloor": true,
        "neighbour1": "Point 15",
        "neighbour1Distance": "1",
        "neighbour2": "Point 26",
        "neighbour2Distance": "1"
      }
    },
    {
      "type": "Feature",
      "geometry": {
        "type": "Point",
        "coordinates": [ -113.52429538965228, 53.52015986544371  ]
      },
      "properties": {
        "name": "Point 17",
        "floor": "second",
        "popupContent": "<img src='https://elasticbeanstalk-us-east-2-203326335658.s3.us-east-2.amazonaws.com/hospital_photos/IMG_3263.jpg' height='150px' width='150px'/><p>Point 17</p>",
        "secondFloor": true,
        "test": true,
        "neighbour1": "Point 18",
        "neighbour1Distance": "1",
        "neighbour2": "Point 13",
        "neighbour2Distance": "2"
      }
    },
    {
      "type": "Feature",
      "geometry": {
        "type": "Point",
        "coordinates": [ -113.52429673075676, 53.52025015630513  ]
      },
      "properties": {
        "name": "Point 18",
        "floor": "second",
        "popupContent": "<img src='https://elasticbeanstalk-us-east-2-203326335658.s3.us-east-2.amazonaws.com/hospital_photos/IMG_3264.jpg' height='150px' width='150px'/><p>Point 18</p>",
        "secondFloor": true,
        "neighbour1": "Point 17",
        "neighbour1Distance": "1",
        "neighbour2": "Point 3",
        "neighbour2Distance": "1"
      }
    },
    {
      "type": "Feature",
      "geometry": {
        "type": "Point",
        "coordinates": [ -113.52459311485292, 53.520390984191955  ]
      },
      "properties": {
        "name": "Point 19",
        "floor": "second",
        "popupContent": "<img src='https://elasticbeanstalk-us-east-2-203326335658.s3.us-east-2.amazonaws.com/hospital_photos/IMG_3269.jpg' height='150px' width='150px'/><p>Point 19</p>",
        "secondFloor": true,
        "neighbour1": "Point 3",
        "neighbour1Distance": "1",
        "neighbour2": "Point 20",
        "neighbour2Distance": "1"
      }
    },
    {
      "type": "Feature",
      "geometry": {
        "type": "Point",
        "coordinates": [ -113.52535754442218, 53.520368770503474  ]
      },
      "properties": {
        "name": "Point 20",
        "floor": "second",
        "popupContent": "Point 20",
        "secondFloor": true,
        "neighbour1": "Point 19",
        "neighbour1Distance": "1",
        "neighbour2": "Point 21",
        "neighbour2Distance": "1"
      }
    },
    {
      "type": "Feature",
      "geometry": {
        "type": "Point",
        "coordinates": [ -113.52609649300577, 53.52036173995824  ]
      },
      "properties": {
        "name": "Point 21",
        "floor": "second",
        "popupContent": "Point 21",
        "secondFloor": true,
        "neighbour1": "Point 20",
        "neighbour1Distance": "1",
        "neighbour2": "Point 22",
        "neighbour2Distance": "2"
      }
    },
    {
      "type": "Feature",
      "geometry": {
        "type": "Point",
        "coordinates": [ -113.52608710527423, 53.519150547243036  ]
      },
      "properties": {
        "name": "Point 22",
        "floor": "second",
        "popupContent": "Point 22",
        "secondFloor": true,
        "neighbour1": "Point 21",
        "neighbour1Distance": "2",
        "neighbour2": "Point 23",
        "neighbour2Distance": "1"
      }
    },
    {
      "type": "Feature",
      "geometry": {
        "type": "Point",
        "coordinates": [ -113.52642238140106, 53.51914907775275  ]
      },
      "properties": {
        "name": "Point 23",
        "floor": "second",
        "popupContent": "Point 23",
        "secondFloor": true,
        "neighbour1": "Point 22",
        "neighbour1Distance": "1",
        "neighbour2": "Point 24",
        "neighbour2Distance": "1"
      }
    },
    {
      "type": "Feature",
      "geometry": {
        "type": "Point",
        "coordinates": [ -113.52676570415497, 53.51913920619323  ]
      },
      "properties": {
        "name": "Point 24",
        "floor": "second",
        "popupContent": "Point 24",
        "secondFloor": true,
        "neighbour1": "Point 23",
        "neighbour1Distance": "1",
        "neighbour2": "Point 25",
        "neighbour2Distance": "1"
      }
    },
    {
      "type": "Feature",
      "geometry": {
        "type": "Point",
        "coordinates": [ -113.52677911520006, 53.51876881117665  ]
      },
      "properties": {
        "name": "Point 25",
        "floor": "second",
        "popupContent": "Point 25",
        "secondFloor": true,
        "neighbour1": "Point 24",
        "neighbour1Distance": "1",
        "neighbour2": "Point 27",
        "neighbour2Distance": "1"
      }
    },
    {
      "type": "Feature",
      "geometry": {
        "type": "Point",
        "coordinates": [ -113.52220594882965, 53.51985505942433  ]
      },
      "properties": {
        "name": "Point 26",
        "floor": "second",
        "location": "final",
        "popupContent": "Point 26 Location #1 - Patient Parking 2nd Floor",
        "neighbour1": "Point 16",
        "neighbour1Distance": "1"
      }
    },
    {
      "type": "Feature",
      "geometry": {
        "type": "Point",
        "coordinates": [ -113.52677643299104, 53.518729084031214  ]
      },
      "properties": {
        "name": "Point 27",
        "floor": "second",
        "location": "final",
        "popupContent": "Kaye Edmonton Clinic Radiology ",
        "neighbour1": "Point 25",
        "neighbour1Distance": "1"
      }
    }
    ,
    {
      "type": "Feature",
      "geometry": {
        "type": "Point",
        "coordinates": [ -113.52407142519954, 53.5206164628691  ]
      },
      "properties": {
        "name": "Point 28",
        "floor": "second",
        "location": "final",
        "popupContent": "Point 28 Location #3 - Radiology UAH 2nd Floor",
        "neighbour1": "Point 5",
        "neighbour1Distance": "1"
      }
    }  
    ,
    {
      "type": "Feature",
      "geometry": {
        "type": "Point",
        "coordinates": [ -113.5230052471161, 53.52104423591322  ]
      },
      "properties": {
        "name": "Point 29",
        "floor": "second",
        "location": "final",
        "popupContent": "Point 29 Location #4 - Unit 2J2 2nd Floor",
        "neighbour1": "Point 8",
        "neighbour1Distance": "1"
      }
    }
    ,
    {
      "type": "Feature",
      "geometry": {
        "type": "Point",
        "coordinates": [ -113.52435708045961, 53.520654628040006  ]
      },
      "properties": {
        "name": "Point 30",
        "floor": "second",
        "location": "final",
        "popupContent": "Point 30 Elevator",
        "neighbour1": "Point 5",
        "neighbour1Distance": "1",
        "neighbour2": "Point 6",
        "neighbour2Distance": "1"
      }
    }
    
  ]
}