{
  "type": "FeatureCollection",
  "features": [
    {
      "type": "Feature",
      "geometry": {
        "type": "Point",
        "coordinates": [ -113.52488279342653, 53.521258101243866  ]
      },
      "properties": {
        "name": "Point 1",
        "floor": "first",
        "popupContent": "<img src='https://elasticbeanstalk-us-east-2-203326335658.s3.us-east-2.amazonaws.com/hospital_photos/IMG_3222.jpg' height='150px' width='150px'/><p>Main Entrance Point 1</p>",
        "test": true,
        "neighbour1": "Point 2",
        "neighbour1Distance": "1",
        "neighbour2": "Point 1",
        "neighbour2Distance": "1"
      }
    }
    ,
    {
      "type": "Feature",
      "geometry": {
        "type": "Point",
        "coordinates": [ -113.52454483509065, 53.52125862538236  ]
      },
      "properties": {
        "name": "Point 2",
        "floor": "first",
        "popupContent": "<img src='https://elasticbeanstalk-us-east-2-203326335658.s3.us-east-2.amazonaws.com/hospital_photos/IMG_3223.jpg' height='150px' width='150px'/><p>Main Entrance Point 2</p>",
        "test": true,
        "neighbour1": "Point 1",
        "neighbour1Distance": "1",
        "neighbour2": "Point 3",
        "neighbour2Distance": "1",
        "neighbour3": "Point 8",
        "neighbour3Distance": "1"
      }
    }
    ,
    {
      "type": "Feature",
      "geometry": {
        "type": "Point",
        "coordinates": [ -113.52390915155412, 53.52125558701608  ]
      },
      "properties": {
        "name": "Point 3",
        "floor": "first",
        "popupContent": "<img src='https://elasticbeanstalk-us-east-2-203326335658.s3.us-east-2.amazonaws.com/hospital_photos/IMG_3238.jpg' height='150px' width='150px'/><p>Point 3</p>",
        "test": true,
        "neighbour1": "Point 2",
        "neighbour1Distance": "1",
        "neighbour2": "Point 9",
        "neighbour2Distance": "1",
        "neighbour3": "Point 4",
        "neighbour3Distance": "1"
      }
    }
    ,
    {
      "type": "Feature",
      "geometry": {
        "type": "Point",
        "coordinates": [ -113.5232065675618, 53.52127006060828  ]
      },
      "properties": {
        "name": "Point 4",
        "floor": "first",
        "popupContent": "<img src='https://elasticbeanstalk-us-east-2-203326335658.s3.us-east-2.amazonaws.com/hospital_photos/IMG_3236.jpg' height='150px' width='150px'/><p>Point 4</p>",
        "test": true,
        "neighbour1": "Point 3",
        "neighbour1Distance": "1",
        "neighbour2": "Point 5",
        "neighbour2Distance": "1",
        "neighbour3": "Point 6",
        "neighbour3Distance": "1",
        "neighbour4": "Point 14",
        "neighbour4Distance": "1"
      }
    }
    ,
    {
      "type": "Feature",
      "geometry": {
        "type": "Point",
        "coordinates": [ -113.52290600538255, 53.52126036292541  ]
      },
      "properties": {
        "name": "Point 5",
        "floor": "first",
        "popupContent": "<img src='https://elasticbeanstalk-us-east-2-203326335658.s3.us-east-2.amazonaws.com/hospital_photos/IMG_3235.jpg' height='150px' width='150px'/><p>Point 5</p>",
        "test": true,
        "neighbour1": "Point 4",
        "neighbour1Distance": "1"
      }
    }
    ,
    {
      "type": "Feature",
      "geometry": {
        "type": "Point",
        "coordinates": [ -113.52326810359955, 53.521510677371936  ]
      },
      "properties": {
        "name": "Point 6",
        "floor": "first",
        "popupContent": "Point 6",
        "test": true,
        "neighbour1": "Point 4",
        "neighbour1Distance": "1",
        "neighbour2": "Point 7",
        "neighbour2Distance": "1"
      }
    }
    ,
    {
      "type": "Feature",
      "geometry": {
        "type": "Point",
        "coordinates": [ -113.52326005697252, 53.52186811308723  ]
      },
      "properties": {
        "name": "Point 7",
        "floor": "first",
        "popupContent": "Point 7",
        "test": true,
        "neighbour1": "Point 6",
        "neighbour1Distance": "1"
      }
    }
    ,
    {
      "type": "Feature",
      "geometry": {
        "type": "Point",
        "coordinates": [ -113.52451130747795, 53.52102285438584  ]
      },
      "properties": {
        "name": "Point 8",
        "floor": "first",
        "popupContent": "<img src='https://elasticbeanstalk-us-east-2-203326335658.s3.us-east-2.amazonaws.com/hospital_photos/IMG_3225.jpg' height='150px' width='150px'/><p>Point 8</p>",
        "test": true,
        "neighbour1": "Point 2",
        "neighbour1Distance": "1",
        "neighbour2": "Point 9",
        "neighbour2Distance": "2",
        "neighbour3": "Point 19",
        "neighbour3Distance": "1"
      }
    }
    ,
    {
      "type": "Feature",
      "geometry": {
        "type": "Point",
        "coordinates": [ -113.52387830615044, 53.52103081592075  ]
      },
      "properties": {
        "name": "Point 9",
        "floor": "first",
        "popupContent": "<img src='https://elasticbeanstalk-us-east-2-203326335658.s3.us-east-2.amazonaws.com/hospital_photos/IMG_3227.jpg' height='150px' width='150px'/><p>Point 9</p>",
        "test": true,
        "neighbour1": "Point 3",
        "neighbour1Distance": "1",
        "neighbour2": "Point 8",
        "neighbour2Distance": "2",
        "neighbour3": "Point 10",
        "neighbour3Distance": "1"
      }
    }
    ,
    {
      "type": "Feature",
      "geometry": {
        "type": "Point",
        "coordinates": [ -113.52389037609102, 53.52092864347813  ] 
      },
      "properties": {
        "name": "Point 10",
        "floor": "first",
        "popupContent": "<img src='https://elasticbeanstalk-us-east-2-203326335658.s3.us-east-2.amazonaws.com/hospital_photos/IMG_3228.jpg' height='150px' width='150px'/><p>Point 10</p>",
        "test": true,
        "neighbour1": "Point 9",
        "neighbour1Distance": "1",
        "neighbour2": "Point 12",
        "neighbour2Distance": "2"
      }
    }
    ,
    {
      "type": "Feature",
      "geometry": {
        "type": "Point",
        "coordinates": [ -113.5233995318413, 53.52093662289389  ]
      },
      "properties": {
        "name": "Point 12",
        "floor": "first",
        "popupContent": "<img src='https://elasticbeanstalk-us-east-2-203326335658.s3.us-east-2.amazonaws.com/hospital_photos/IMG_3230.jpg' height='150px' width='150px'/><p>Point 12</p>",
        "test": true,
        "neighbour1": "Point 10",
        "neighbour1Distance": "2",
        "neighbour2": "Point 13",
        "neighbour2Distance": "1",
        "neighbour3": "Point 15",
        "neighbour3Distance": "1"
      }
    }
    ,
    {
      "type": "Feature",
      "geometry": {
        "type": "Point",
        "coordinates": [ -113.52339416742326, 53.5210483872223  ]
      },
      "properties": {
        "name": "Point 13",
        "floor": "first",
        "popupContent": "<img src='https://elasticbeanstalk-us-east-2-203326335658.s3.us-east-2.amazonaws.com/hospital_photos/IMG_3231.jpg' height='150px' width='150px'/><p>Point 13</p>",
        "test": true,
        "neighbour1": "Point 12",
        "neighbour1Distance": "1",
        "neighbour2": "Point 14",
        "neighbour2Distance": "1"
      }
    }
    ,
    {
      "type": "Feature",
      "geometry": {
        "type": "Point",
        "coordinates": [ -113.52321177721025, 53.52115763609829  ]
      },
      "properties": {
        "name": "Point 14",
        "floor": "first",
        "popupContent": "<img src='https://elasticbeanstalk-us-east-2-203326335658.s3.us-east-2.amazonaws.com/hospital_photos/IMG_3233.jpg' height='150px' width='150px'/><p>Point 14</p>",
        "test": true,
        "neighbour1": "Point 13",
        "neighbour1Distance": "1",
        "neighbour2": "Point 4",
        "neighbour2Distance": "1"
      }
    }
    ,
    {
      "type": "Feature",
      "geometry": {
        "type": "Point",
        "coordinates": [ -113.52341026067737, 53.52085054367954  ]
      },
      "properties": {
        "name": "Point 15",
        "floor": "first",
        "popupContent": "<img src='https://elasticbeanstalk-us-east-2-203326335658.s3.us-east-2.amazonaws.com/hospital_photos/IMG_3240.jpg' height='150px' width='150px'/><p>Point 15</p>",
        "test": true,
        "neighbour1": "Point 12",
        "neighbour1Distance": "1",
        "neighbour2": "Point 16",
        "neighbour2Distance": "2"
      }
    }
    ,
    {
      "type": "Feature",
      "geometry": {
        "type": "Point",
        "coordinates": [ -113.52238699793818, 53.52084743136733  ]
      },
      "properties": {
        "name": "Point 16",
        "floor": "first",
        "popupContent": "<img src='https://elasticbeanstalk-us-east-2-203326335658.s3.us-east-2.amazonaws.com/hospital_photos/IMG_3242.jpg' height='150px' width='150px'/><p>Point 16</p>",
        "test": true,
        "neighbour1": "Point 15",
        "neighbour1Distance": "2",
        "neighbour2": "Point 17",
        "neighbour2Distance": "1"
      }
    }
    ,
    {
      "type": "Feature",
      "geometry": {
        "type": "Point",
        "coordinates": [ -113.52239906787874, 53.52069906018151  ]
      },
      "properties": {
        "name": "Point 17",
        "floor": "first",
        "popupContent": "<img src='https://elasticbeanstalk-us-east-2-203326335658.s3.us-east-2.amazonaws.com/hospital_photos/IMG_3243.jpg' height='150px' width='150px'/><p>Point 17</p>",
        "test": true,
        "location": "final",
        "neighbour1": "Point 16",
        "neighbour1Distance": "1",
        "neighbour2": "Point 18",
        "neighbour2Distance": "1"
      }
    }
    ,
    {
      "type": "Feature",
      "geometry": {
        "type": "Point",
        "coordinates": [ -113.52213084697725, 53.52054835468738  ]
      },
      "properties": {
        "name": "Point 18",
        "floor": "first",
        "location": "final",
        "popupContent": "Point 18",
        "test": true,
        "neighbour1": "Point 17",
        "neighbour1Distance": "1"
      }
    }
    ,
    {
      "type": "Feature",
      "geometry": {
        "type": "Point",
        "coordinates": [ -113.52450460195544, 53.520713401955526  ]
      },
      "properties": {
        "name": "Point 19",
        "floor": "first",
        "popupContent": "<img src='https://elasticbeanstalk-us-east-2-203326335658.s3.us-east-2.amazonaws.com/hospital_photos/IMG_3273.jpg' height='150px' width='150px'/><p>Point 19</p>",
        "test": true,
        "neighbour1": "Point 8",
        "neighbour1Distance": "1",
        "neighbour2": "Point 20",
        "neighbour2Distance": "1",
        "neighbour3": "Point 25",
        "neighbour3Distance": "1"
      }
    }
    ,
    {
      "type": "Feature",
      "geometry": {
        "type": "Point",
        "coordinates": [ -113.52466285228729, 53.520654455567964 ]
      },
      "properties": {
        "name": "Point 20",
        "floor": "first",
        "popupContent": "<img src='https://elasticbeanstalk-us-east-2-203326335658.s3.us-east-2.amazonaws.com/hospital_photos/IMG_3270.jpg' height='150px' width='150px'/><p>Point 20</p>",
        "test": true,
        "neighbour1": "Point 19",
        "neighbour1Distance": "1",
        "neighbour2": "Point 21",
        "neighbour2Distance": "1"
      }
    }
    ,
    {
      "type": "Feature",
      "geometry": {
        "type": "Point",
        "coordinates": [ -113.52485999464992, 53.520658444069895 ]
      },
      "properties": {
        "name": "Point 21",
        "floor": "first",
        "popupContent": "<img src='https://elasticbeanstalk-us-east-2-203326335658.s3.us-east-2.amazonaws.com/hospital_photos/IMG_3278.jpg' height='150px' width='150px'/><p>Point 21</p>",
        "test": true,
        "neighbour1": "Point 20",
        "neighbour1Distance": "1"
      }
    }
    ,
    {
      "type": "Feature",
      "geometry": {
        "type": "Point",
        "coordinates": [ -113.52430880069733, 53.52059220519894 ]
      },
      "properties": {
        "name": "Point 22",
        "floor": "first",
        "popupContent": "<img src='https://elasticbeanstalk-us-east-2-203326335658.s3.us-east-2.amazonaws.com/hospital_photos/IMG_3275.jpg' height='150px' width='150px'/><p>Point 22</p>",
        "test": true,
        "neighbour1": "Point 25",
        "neighbour1Distance": "1",
        "neighbour2": "Point 20",
        "neighbour2Distance": "1",
        "neighbour3": "Point 23",
        "neighbour3Distance": "1"
      }
    }
    ,
    {
      "type": "Feature",
      "geometry": {
        "type": "Point",
        "coordinates": [ -113.52430611848834, 53.520185320607595 ]
      },
      "properties": {
        "name": "Point 23",
        "floor": "first",
        "popupContent": "Point 23",
        "test": true,
        "neighbour1": "Point 22",
        "neighbour1Distance": "1",
        "neighbour2": "Point 24",
        "neighbour2Distance": "1",
        "neighbour3": "Point 27",
        "neighbour3Distance": "1"
      }
    }
    ,
    {
      "type": "Feature",
      "geometry": {
        "type": "Point",
        "coordinates": [ -113.52473124861717, 53.520184724693955 ]
      },
      "properties": {
        "name": "Point 24",
        "floor": "first",
        "popupContent": "Point 24",
        "test": true,
        "neighbour1": "Point 23",
        "neighbour1Distance": "1",
        "neighbour2": "Point 26",
        "neighbour2Distance": "1"
      }
    }
    ,
    {
      "type": "Feature",
      "geometry": {
        "type": "Point",
        "coordinates": [ -113.52435708045961, 53.520654628040006  ]
      },
      "properties": {
        "name": "Point 25",
        "floor": "first",
        "location": "final",
        "popupContent": "Point 25 Elevator",
        "neighbour1": "Point 19",
        "neighbour1Distance": "1",
        "neighbour2": "Point 22",
        "neighbour2Distance": "1"
      }
    }
    ,
    {
      "type": "Feature",
      "geometry": {
        "type": "Point",
        "coordinates": [ -113.52474868297578, 53.52010627846002  ]
      },
      "properties": {
        "name": "Point 26",
        "floor": "first",
        "location": "final",
        "popupContent": "MRI Clinic Reporting: 780-407-7003 ",
        "neighbour1": "Point 24",
        "neighbour1Distance": "1"
      }
    } 
    ,
    {
      "type": "Feature",
      "geometry": {
        "type": "Point",
        "coordinates": [ -113.52429538965228, 53.520104371655584  ]
      },
      "properties": {
        "name": "Point 27",
        "floor": "first",
        "location": "final",
        "popupContent": "Pediatrics/Fluoroscopy and Radiography 780-407-1630",
        "neighbour1": "Point 23",
        "neighbour1Distance": "1"
      }
    } 
  ]
}